image_id,healthy,multiple_diseases,rust,scab
Train_710,1,0,0,0
Train_1323,0,0,0,1
Train_979,1,0,0,0
Train_118,0,0,1,0
Train_1144,0,0,1,0
Train_1763,0,0,1,0
Train_522,0,0,1,0
Train_513,0,0,1,0
Train_81,0,0,1,0
Train_613,0,0,1,0
Train_855,0,0,1,0
Train_380,1,0,0,0
Train_1544,0,0,0,1
Train_84,0,0,0,1
Train_1545,0,0,1,0
Train_329,1,0,0,0
Train_938,0,0,1,0
Train_629,0,1,0,0
Train_1450,0,0,0,1
Train_774,1,0,0,0
Train_1428,0,0,1,0
Train_451,0,0,1,0
Train_490,0,0,0,1
Train_1348,1,0,0,0
Train_287,1,0,0,0
Train_771,0,0,0,1
Train_1806,0,0,0,1
Train_1244,0,0,1,0
Train_643,0,0,1,0
Train_596,0,0,1,0
Train_1315,0,0,0,1
Train_743,0,0,1,0
Train_1681,1,0,0,0
Train_1137,0,0,0,1
Train_1509,0,0,1,0
Train_327,0,0,1,0
Train_1359,0,0,1,0
Train_820,0,0,0,1
Train_1669,1,0,0,0
Train_780,0,0,0,1
Train_1650,0,0,0,1
Train_177,0,0,0,1
Train_1537,0,0,0,1
Train_817,1,0,0,0
Train_86,1,0,0,0
Train_1280,0,1,0,0
Train_1726,0,0,1,0
Train_457,0,0,0,1
Train_54,1,0,0,0
Train_1368,1,0,0,0
Train_221,1,0,0,0
Train_113,0,1,0,0
Train_1258,0,0,0,1
Train_1125,0,0,1,0
Train_1761,0,0,0,1
Train_174,1,0,0,0
Train_941,0,0,0,1
Train_589,0,0,0,1
Train_1423,0,0,1,0
Train_18,1,0,0,0
Train_423,0,0,0,1
Train_1221,0,0,0,1
Train_285,0,0,1,0
Train_1447,1,0,0,0
Train_428,0,1,0,0
Train_1376,0,0,1,0
Train_1614,1,0,0,0
Train_31,0,0,1,0
Train_792,0,0,0,1
Train_836,0,0,1,0
Train_214,0,0,0,1
Train_1745,0,0,1,0
Train_326,0,0,0,1
Train_560,0,0,1,0
Train_1013,0,1,0,0
Train_631,0,0,0,1
Train_1090,0,0,0,1
Train_341,0,0,1,0
Train_147,0,0,0,1
Train_360,1,0,0,0
Train_83,0,0,0,1
Train_48,0,0,0,1
Train_468,0,0,1,0
Train_155,0,0,0,1
Train_1100,0,0,0,1
Train_1718,0,0,1,0
Train_1102,0,0,1,0
Train_1489,1,0,0,0
Train_500,0,0,1,0
Train_179,1,0,0,0
Train_1118,0,0,1,0
Train_1022,0,0,1,0
Train_741,0,0,1,0
Train_1480,0,0,1,0
Train_528,0,0,0,1
Train_346,0,0,1,0
Train_1262,0,0,1,0
Train_1781,1,0,0,0
Train_1419,0,0,0,1
Train_1366,1,0,0,0
Train_849,1,0,0,0
Train_601,1,0,0,0
Train_1193,1,0,0,0
Train_243,0,0,0,1
Train_754,0,1,0,0
Train_1344,0,0,1,0
Train_312,0,0,0,1
Train_435,0,0,1,0
Train_1725,0,0,1,0
Train_787,0,0,0,1
Train_308,0,0,0,1
Train_430,1,0,0,0
Train_370,0,0,0,1
Train_566,1,0,0,0
Train_862,0,0,0,1
Train_181,0,0,1,0
Train_1222,0,0,1,0
Train_621,1,0,0,0
Train_692,0,0,0,1
Train_1360,0,0,0,1
Train_1759,0,0,0,1
Train_1676,1,0,0,0
Train_296,0,0,0,1
Train_1210,1,0,0,0
Train_461,0,0,1,0
Train_1187,0,0,1,0
Train_1000,0,0,1,0
Train_377,0,0,0,1
Train_1814,1,0,0,0
Train_105,1,0,0,0
Train_126,0,0,1,0
Train_1037,0,0,1,0
Train_707,0,0,1,0
Train_355,0,0,0,1
Train_1477,1,0,0,0
Train_682,0,1,0,0
Train_1772,0,0,1,0
Train_736,0,0,0,1
Train_209,0,0,0,1
Train_1639,0,0,0,1
Train_140,0,0,0,1
Train_1307,0,0,1,0
Train_1217,0,0,0,1
Train_1483,0,0,0,1
Train_1592,0,0,1,0
Train_985,0,0,1,0
Train_755,1,0,0,0
Train_1204,0,0,1,0
Train_1429,0,0,0,1
Train_1284,0,0,1,0
Train_10,0,0,1,0
Train_1550,0,0,0,1
Train_1030,0,0,1,0
Train_282,1,0,0,0
Train_291,1,0,0,0
Train_626,1,0,0,0
Train_1603,0,0,1,0
Train_1269,0,0,0,1
Train_129,0,0,1,0
Train_1079,1,0,0,0
Train_323,0,0,1,0
Train_974,0,0,0,1
Train_712,0,0,1,0
Train_810,0,0,0,1
Train_1698,1,0,0,0
Train_730,1,0,0,0
Train_1220,0,0,1,0
Train_1417,1,0,0,0
Train_946,0,0,0,1
Train_900,0,0,1,0
Train_158,0,0,0,1
Train_1432,1,0,0,0
Train_634,0,0,1,0
Train_516,0,0,1,0
Train_1299,0,0,1,0
Train_597,1,0,0,0
Train_195,1,0,0,0
Train_1502,0,0,1,0
Train_1223,1,0,0,0
Train_410,0,0,1,0
Train_96,0,0,1,0
Train_841,0,0,1,0
Train_1216,0,1,0,0
Train_156,0,0,1,0
Train_419,0,0,0,1
Train_917,0,0,0,1
Train_477,0,0,0,1
Train_1460,0,0,0,1
Train_668,0,0,1,0
Train_1331,0,0,0,1
Train_925,0,0,1,0
Train_1185,0,0,1,0
Train_447,0,0,1,0
Train_1654,1,0,0,0
Train_178,0,0,1,0
Train_390,0,0,1,0
Train_578,0,0,1,0
Train_1620,0,0,0,1
Train_1562,1,0,0,0
Train_1501,0,0,0,1
Train_1503,0,0,0,1
Train_1023,0,0,1,0
Train_1237,1,0,0,0
Train_1401,0,0,0,1
Train_1527,0,0,1,0
Train_664,0,0,0,1
Train_142,0,0,0,1
Train_1383,0,0,0,1
Train_1463,1,0,0,0
Train_421,1,0,0,0
Train_636,0,0,0,1
Train_1278,0,0,0,1
Train_942,1,0,0,0
Train_615,0,0,1,0
Train_294,0,0,1,0
Train_1157,0,0,0,1
Train_1729,0,0,1,0
Train_88,1,0,0,0
Train_41,0,0,0,1
Train_1642,0,0,1,0
Train_1757,0,0,1,0
Train_131,0,0,1,0
Train_1128,0,0,0,1
Train_1767,0,0,0,1
Train_1453,0,0,1,0
Train_1689,0,0,1,0
Train_997,0,0,0,1
Train_164,0,0,1,0
Train_724,0,0,1,0
Train_290,0,0,0,1
Train_1723,1,0,0,0
Train_1783,0,0,1,0
Train_778,0,0,1,0
Train_348,1,0,0,0
Train_571,0,0,1,0
Train_819,0,0,0,1
Train_1716,0,0,0,1
Train_1063,0,0,1,0
Train_1454,0,1,0,0
Train_1198,1,0,0,0
Train_861,0,0,0,1
Train_458,0,0,1,0
Train_375,1,0,0,0
Train_333,0,0,1,0
Train_1208,0,0,0,1
Train_1605,1,0,0,0
Train_1523,0,0,0,1
Train_1041,0,0,1,0
Train_844,0,0,0,1
Train_1691,1,0,0,0
Train_818,0,0,0,1
Train_1753,0,0,1,0
Train_1197,0,1,0,0
Train_328,0,0,1,0
Train_889,0,0,1,0
Train_318,0,0,1,0
Train_1504,1,0,0,0
Train_1235,0,0,1,0
Train_1583,1,0,0,0
Train_167,1,0,0,0
Train_12,0,0,0,1
Train_171,0,0,1,0
Train_649,0,0,0,1
Train_260,0,0,0,1
Train_1112,0,0,1,0
Train_1281,0,0,0,1
Train_672,0,0,1,0
Train_258,0,0,0,1
Train_1815,0,1,0,0
Train_138,0,0,0,1
Train_1674,0,0,1,0
Train_549,0,0,1,0
Train_1242,0,0,0,1
Train_1393,0,0,0,1
Train_1132,0,0,0,1
Train_1170,0,0,0,1
Train_558,1,0,0,0
Train_139,0,0,1,0
Train_1738,0,0,1,0
Train_531,1,0,0,0
Train_224,1,0,0,0
Train_723,0,0,0,1
Train_786,1,0,0,0
Train_845,0,0,0,1
Train_409,0,0,0,1
Train_325,0,0,0,1
Train_988,0,0,0,1
Train_299,0,0,1,0
Train_1699,0,0,1,0
Train_1087,0,0,1,0
Train_963,1,0,0,0
Train_1692,0,0,0,1
Train_714,0,0,1,0
Train_193,0,0,1,0
Train_440,0,0,1,0
Train_573,1,0,0,0
Train_503,0,0,0,1
Train_605,1,0,0,0
Train_1068,0,0,1,0
Train_1629,0,0,1,0
Train_846,0,0,0,1
Train_3,0,0,1,0
Train_1055,1,0,0,0
Train_1121,0,0,1,0
Train_467,0,0,1,0
Train_321,0,0,1,0
Train_5,1,0,0,0
Train_222,0,0,0,1
Train_547,1,0,0,0
Train_228,0,0,1,0
Train_39,0,0,1,0
Train_542,0,0,1,0
Train_242,0,0,0,1
Train_1289,1,0,0,0
Train_136,1,0,0,0
Train_1259,0,0,0,1
Train_1601,1,0,0,0
Train_1436,0,0,0,1
Train_869,0,0,0,1
Train_829,0,0,1,0
Train_445,0,0,1,0
Train_842,0,0,0,1
Train_1649,0,0,1,0
Train_1290,0,0,1,0
Train_1442,1,0,0,0
Train_1663,1,0,0,0
Train_581,0,0,0,1
Train_1609,0,1,0,0
Train_1790,0,0,1,0
Train_661,0,0,0,1
Train_436,0,1,0,0
Train_1690,0,0,0,1
Train_376,1,0,0,0
Train_1345,0,0,0,1
Train_1320,0,0,1,0
Train_314,0,0,1,0
Train_442,0,0,0,1
Train_1627,0,0,0,1
Train_319,0,0,0,1
Train_281,0,0,0,1
Train_1578,0,0,1,0
Train_1091,1,0,0,0
Train_1370,0,0,1,0
Train_424,0,0,0,1
Train_553,0,0,1,0
Train_594,0,0,1,0
Train_1784,0,1,0,0
Train_368,0,0,1,0
Train_1636,0,0,0,1
Train_936,0,1,0,0
Train_1074,0,0,0,1
Train_1475,0,0,1,0
Train_901,1,0,0,0
Train_227,1,0,0,0
Train_1165,0,0,1,0
Train_1587,1,0,0,0
Train_1209,0,0,0,1
Train_987,0,0,1,0
Train_66,1,0,0,0
Train_393,1,0,0,0
Train_579,1,0,0,0
Train_24,1,0,0,0
Train_211,0,0,0,1
Train_1402,0,0,1,0
Train_144,1,0,0,0
Train_536,0,0,1,0
Train_811,1,0,0,0
Train_1026,0,0,0,1
Train_949,0,1,0,0
Train_85,0,0,0,1
Train_1643,0,0,0,1
Train_272,0,0,0,1
Train_1175,0,0,1,0
Train_1084,0,0,1,0
Train_948,1,0,0,0
Train_1645,0,0,0,1
Train_630,1,0,0,0
Train_1249,0,0,0,1
Train_1703,0,0,0,1
Train_939,1,0,0,0
Train_1580,0,0,0,1
Train_1050,0,1,0,0
Train_505,0,0,0,1
Train_273,1,0,0,0
Train_507,0,0,1,0
Train_1617,1,0,0,0
Train_362,0,0,0,1
Train_1472,0,0,1,0
Train_1058,1,0,0,0
Train_622,1,0,0,0
Train_2,1,0,0,0
Train_6,0,1,0,0
Train_1116,0,0,1,0
Train_311,1,0,0,0
Train_1232,0,0,0,1
Train_950,0,0,1,0
Train_665,1,0,0,0
Train_364,0,0,0,1
Train_1793,0,0,0,1
Train_215,1,0,0,0
Train_1561,0,0,1,0
Train_27,0,0,0,1
Train_1466,1,0,0,0
Train_525,1,0,0,0
Train_1671,0,0,1,0
Train_1018,0,1,0,0
Train_638,0,0,0,1
Train_302,0,0,1,0
Train_718,0,0,1,0
Train_691,1,0,0,0
Train_1644,0,0,1,0
Train_1809,0,0,0,1
Train_624,0,0,0,1
Train_7,0,0,0,1
Train_256,0,0,0,1
Train_803,0,0,0,1
Train_25,0,1,0,0
Train_336,0,1,0,0
Train_572,1,0,0,0
Train_47,0,0,1,0
Train_1347,1,0,0,0
Train_106,0,0,0,1
Train_349,0,0,0,1
Train_55,1,0,0,0
Train_238,1,0,0,0
Train_213,1,0,0,0
Train_120,0,0,1,0
Train_1146,1,0,0,0
Train_1813,0,0,1,0
Train_793,0,0,0,1
Train_72,1,0,0,0
Train_922,0,0,0,1
Train_812,1,0,0,0
Train_1575,1,0,0,0
Train_77,1,0,0,0
Train_944,0,0,1,0
Train_1029,0,0,1,0
Train_45,0,0,1,0
Train_1623,0,0,0,1
Train_523,0,0,1,0
Train_232,0,0,0,1
Train_644,1,0,0,0
Train_1338,0,0,0,1
Train_1374,0,0,1,0
Train_1181,0,0,0,1
Train_533,0,0,1,0
Train_1329,0,0,0,1
Train_1375,0,0,0,1
Train_603,1,0,0,0
Train_465,0,0,1,0
Train_1469,0,0,1,0
Train_788,1,0,0,0
Train_1547,0,0,1,0
Train_1080,1,0,0,0
Train_1188,0,0,0,1
Train_60,0,0,1,0
Train_1190,0,0,0,1
Train_1655,0,0,1,0
Train_92,0,0,1,0
Train_666,0,0,1,0
Train_1009,0,0,0,1
Train_1542,0,0,0,1
Train_194,0,0,1,0
Train_280,0,0,0,1
Train_695,0,0,1,0
Train_1518,0,0,0,1
Train_359,1,0,0,0
Train_1142,0,0,1,0
Train_519,0,0,1,0
Train_1318,0,0,1,0
Train_1106,0,0,1,0
Train_1764,0,0,1,0
Train_1073,0,0,1,0
Train_847,0,0,1,0
Train_182,0,0,0,1
Train_1317,0,0,0,1
Train_1253,0,0,1,0
Train_110,0,0,0,1
Train_42,0,0,0,1
Train_125,0,0,0,1
Train_204,0,0,0,1
Train_52,0,0,0,1
Train_545,1,0,0,0
Train_68,1,0,0,0
Train_1231,0,0,1,0
Train_1737,0,0,0,1
Train_183,0,0,1,0
Train_137,1,0,0,0
Train_899,0,0,0,1
Train_796,0,0,1,0
Train_132,0,0,1,0
Train_80,0,0,0,1
Train_1406,0,0,1,0
Train_541,0,0,1,0
Train_1457,1,0,0,0
Train_983,1,0,0,0
Train_165,0,0,1,0
Train_248,1,0,0,0
Train_446,1,0,0,0
Train_1054,1,0,0,0
Train_858,0,0,0,1
Train_1110,1,0,0,0
Train_97,0,0,1,0
Train_1794,1,0,0,0
Train_737,1,0,0,0
Train_1555,1,0,0,0
Train_102,0,0,1,0
Train_434,0,0,1,0
Train_74,0,1,0,0
Train_1634,1,0,0,0
Train_1101,1,0,0,0
Train_918,1,0,0,0
Train_1566,0,0,1,0
Train_1766,0,0,1,0
Train_1481,0,0,0,1
Train_762,0,1,0,0
Train_989,1,0,0,0
Train_388,0,0,0,1
Train_235,0,0,0,1
Train_267,0,0,0,1
Train_1105,0,0,1,0
Train_117,0,0,1,0
Train_1467,0,0,0,1
Train_673,0,0,0,1
Train_249,1,0,0,0
Train_1322,0,0,1,0
Train_94,1,0,0,0
Train_33,1,0,0,0
Train_1333,0,0,0,1
Train_1526,0,1,0,0
Train_448,1,0,0,0
Train_716,0,0,0,1
Train_1512,0,0,1,0
Train_1384,0,0,0,1
Train_0,0,0,0,1
Train_1251,1,0,0,0
Train_82,0,0,1,0
Train_1176,1,0,0,0
Train_676,1,0,0,0
Train_1532,0,0,0,1
Train_1046,0,1,0,0
Train_770,0,0,0,1
Train_1114,1,0,0,0
Train_1169,0,0,1,0
Train_1444,0,0,0,1
Train_1356,1,0,0,0
Train_404,1,0,0,0
Train_1626,0,0,1,0
Train_1427,0,0,1,0
Train_104,0,1,0,0
Train_688,0,0,0,1
Train_1189,0,0,1,0
Train_826,1,0,0,0
Train_62,0,1,0,0
Train_852,0,0,1,0
Train_1230,1,0,0,0
Train_223,0,0,1,0
Train_145,0,0,0,1
Train_1088,0,0,0,1
Train_373,1,0,0,0
Train_1593,1,0,0,0
Train_1665,0,0,1,0
Train_1361,0,0,0,1
Train_1571,0,0,1,0
Train_1160,1,0,0,0
Train_9,1,0,0,0
Train_449,0,0,0,1
Train_708,0,0,0,1
Train_255,0,0,0,1
Train_882,1,0,0,0
Train_389,1,0,0,0
Train_908,1,0,0,0
Train_924,1,0,0,0
Train_1559,1,0,0,0
Train_1350,0,0,0,1
Train_460,1,0,0,0
Train_1159,1,0,0,0
Train_958,1,0,0,0
Train_501,0,0,1,0
Train_739,0,0,1,0
Train_1800,0,0,0,1
Train_868,0,0,0,1
Train_731,1,0,0,0
Train_539,0,0,1,0
Train_697,0,0,1,0
Train_1768,0,0,0,1
Train_1252,0,0,0,1
Train_1031,1,0,0,0
Train_372,0,0,0,1
Train_667,0,0,1,0
Train_1392,1,0,0,0
Train_357,1,0,0,0
Train_967,0,0,0,1
Train_783,0,0,0,1
Train_735,0,0,1,0
Train_1035,0,1,0,0
Train_970,0,0,0,1
Train_1391,1,0,0,0
Train_1624,0,0,1,0
Train_1358,0,1,0,0
Train_1549,1,0,0,0
Train_1670,1,0,0,0
Train_885,1,0,0,0
Train_79,0,0,0,1
Train_814,0,0,1,0
Train_1173,0,1,0,0
Train_671,1,0,0,0
Train_1474,1,0,0,0
Train_57,0,0,1,0
Train_133,0,0,1,0
Train_1140,0,0,0,1
Train_933,0,0,0,1
Train_1540,0,0,1,0
Train_823,0,0,0,1
Train_504,0,0,1,0
Train_1619,0,0,0,1
Train_347,0,0,1,0
Train_386,0,0,1,0
Train_1024,0,0,0,1
Train_894,0,0,0,1
Train_828,0,0,1,0
Train_1720,0,0,1,0
Train_475,1,0,0,0
Train_1340,0,0,1,0
Train_1271,1,0,0,0
Train_652,0,0,1,0
Train_172,0,0,0,1
Train_1149,0,0,1,0
Train_38,0,0,1,0
Train_713,0,0,0,1
Train_90,1,0,0,0
Train_1760,1,0,0,0
Train_875,0,0,1,0
Train_1228,0,0,0,1
Train_1093,0,0,1,0
Train_1155,0,0,0,1
Train_1239,1,0,0,0
Train_1779,0,1,0,0
Train_499,0,0,1,0
Train_338,0,1,0,0
Train_28,0,0,0,1
Train_1205,0,0,1,0
Train_1659,0,0,0,1
Train_945,0,0,1,0
Train_169,0,0,0,1
Train_1302,0,0,1,0
Train_912,0,0,1,0
Train_491,1,0,0,0
Train_953,1,0,0,0
Train_1097,1,0,0,0
Train_1032,0,0,0,1
Train_587,1,0,0,0
Train_750,0,0,1,0
Train_657,1,0,0,0
Train_234,0,0,0,1
Train_732,0,1,0,0
Train_1491,0,0,1,0
Train_1156,0,0,0,1
Train_1339,0,0,0,1
Train_1487,0,0,1,0
Train_934,1,0,0,0
Train_1065,0,0,0,1
Train_108,0,0,1,0
Train_1407,0,0,1,0
Train_568,0,0,0,1
Train_1167,0,0,0,1
Train_1174,0,0,0,1
Train_890,1,0,0,0
Train_947,1,0,0,0
Train_1048,0,0,1,0
Train_1229,0,0,1,0
Train_1247,1,0,0,0
Train_1316,0,0,1,0
Train_884,0,0,1,0
Train_1530,1,0,0,0
Train_850,1,0,0,0
Train_734,0,0,1,0
Train_717,0,0,0,1
Train_454,0,0,0,1
Train_264,1,0,0,0
Train_75,0,0,1,0
Train_444,1,0,0,0
Train_395,0,1,0,0
Train_176,0,0,0,1
Train_1042,0,0,0,1
Train_1586,0,0,0,1
Train_1274,0,0,0,1
Train_1255,0,0,1,0
Train_595,1,0,0,0
Train_61,0,0,0,1
Train_872,1,0,0,0
Train_1357,1,0,0,0
Train_1710,0,0,1,0
Train_278,1,0,0,0
Train_36,0,1,0,0
Train_1610,1,0,0,0
Train_662,0,0,0,1
Train_1646,1,0,0,0
Train_1314,0,0,1,0
Train_977,1,0,0,0
Train_1435,0,0,0,1
Train_738,0,0,1,0
Train_191,0,0,0,1
Train_919,1,0,0,0
Train_456,0,0,1,0
Train_675,1,0,0,0
Train_760,0,0,1,0
Train_1647,0,0,0,1
Train_728,0,0,1,0
Train_412,1,0,0,0
Train_1098,0,0,0,1
Train_825,0,0,1,0
Train_1625,0,0,1,0
Train_616,1,0,0,0
Train_114,0,0,1,0
Train_417,1,0,0,0
Train_1735,1,0,0,0
Train_969,1,0,0,0
Train_604,0,0,0,1
Train_1742,0,0,0,1
Train_89,0,0,1,0
Train_848,0,0,1,0
Train_1386,1,0,0,0
Train_1741,1,0,0,0
Train_753,1,0,0,0
Train_498,0,0,0,1
Train_11,0,0,0,1
Train_396,1,0,0,0
Train_284,0,0,1,0
Train_1066,1,0,0,0
Train_1191,0,0,1,0
Train_690,0,0,1,0
Train_1490,0,0,1,0
Train_1707,0,0,1,0
Train_689,0,0,1,0
Train_851,0,0,0,1
Train_159,0,0,1,0
Train_895,1,0,0,0
Train_1574,0,0,1,0
Train_257,1,0,0,0
Train_335,1,0,0,0
Train_1711,0,0,0,1
Train_1039,1,0,0,0
Train_515,0,0,1,0
Train_1015,0,0,0,1
Train_768,1,0,0,0
Train_1595,0,0,1,0
Train_761,1,0,0,0
Train_1246,0,0,0,1
Train_1203,0,0,0,1
Train_1787,0,0,0,1
Train_1804,0,0,0,1
Train_521,0,0,0,1
Train_22,0,0,0,1
Train_356,1,0,0,0
Train_1277,1,0,0,0
Train_1539,1,0,0,0
Train_340,0,0,1,0
Train_431,0,0,0,1
Train_473,0,0,0,1
Train_217,0,0,0,1
Train_911,0,0,1,0
Train_1227,1,0,0,0
Train_1458,0,0,1,0
Train_1011,0,0,1,0
Train_1771,0,0,1,0
Train_93,0,0,1,0
Train_1008,0,0,0,1
Train_1070,0,0,1,0
Train_1092,1,0,0,0
Train_1449,1,0,0,0
Train_1308,0,0,0,1
Train_696,0,0,0,1
Train_1635,1,0,0,0
Train_996,0,0,1,0
Train_153,0,0,0,1
Train_1099,0,0,0,1
Train_1573,0,1,0,0
Train_1818,1,0,0,0
Train_789,0,0,1,0
Train_580,0,0,1,0
Train_703,1,0,0,0
Train_1212,0,0,0,1
Train_1295,0,0,0,1
Train_1524,0,0,1,0
Train_1260,0,0,1,0
Train_487,0,0,1,0
Train_559,0,0,0,1
Train_1141,1,0,0,0
Train_1119,0,1,0,0
Train_801,1,0,0,0
Train_512,0,0,1,0
Train_633,0,0,1,0
Train_1420,1,0,0,0
Train_1630,0,0,1,0
Train_1150,0,0,1,0
Train_790,0,0,1,0
Train_116,0,0,0,1
Train_740,0,0,0,1
Train_1081,0,0,1,0
Train_830,0,0,1,0
Train_119,0,0,0,1
Train_656,0,0,1,0
Train_1732,0,0,1,0
Train_635,1,0,0,0
Train_369,0,0,1,0
Train_268,0,0,0,1
Train_655,0,0,0,1
Train_935,1,0,0,0
Train_822,0,0,1,0
Train_866,1,0,0,0
Train_46,1,0,0,0
Train_1563,1,0,0,0
Train_991,0,0,0,1
Train_876,0,0,1,0
Train_773,1,0,0,0
Train_1219,0,0,1,0
Train_1820,0,0,0,1
Train_4,1,0,0,0
Train_1003,0,0,0,1
Train_1576,0,0,1,0
Train_263,1,0,0,0
Train_1433,0,1,0,0
Train_1668,0,0,1,0
Train_443,1,0,0,0
Train_1002,1,0,0,0
Train_1077,0,0,0,1
Train_837,0,0,1,0
Train_1633,1,0,0,0
Train_304,1,0,0,0
Train_1365,0,0,1,0
Train_1421,0,0,0,1
Train_313,0,0,1,0
Train_149,0,0,0,1
Train_1148,0,0,1,0
Train_1213,0,0,1,0
Train_574,0,0,1,0
Train_50,0,0,1,0
Train_1416,0,0,0,1
Train_726,0,0,1,0
Train_833,1,0,0,0
Train_1377,1,0,0,0
Train_1115,1,0,0,0
Train_1166,0,0,0,1
Train_470,0,0,0,1
Train_971,0,0,1,0
Train_653,0,0,0,1
Train_399,0,1,0,0
Train_511,0,0,1,0
Train_320,1,0,0,0
Train_19,0,0,0,1
Train_684,1,0,0,0
Train_35,0,0,1,0
Train_902,0,0,0,1
Train_827,0,0,1,0
Train_1812,0,0,0,1
Train_407,1,0,0,0
Train_920,0,0,1,0
Train_537,1,0,0,0
Train_758,0,0,0,1
Train_1062,0,0,0,1
Train_1199,1,0,0,0
Train_245,0,1,0,0
Train_1127,0,0,0,1
Train_784,0,0,1,0
Train_1591,0,0,1,0
Train_489,0,0,0,1
Train_154,0,0,0,1
Train_961,1,0,0,0
Train_853,0,0,1,0
Train_1311,0,0,1,0
Train_625,0,0,0,1
Train_685,1,0,0,0
Train_1425,0,0,1,0
Train_569,1,0,0,0
Train_1733,1,0,0,0
Train_17,0,0,0,1
Train_127,0,0,0,1
Train_1346,0,0,0,1
Train_1279,0,0,0,1
Train_1789,1,0,0,0
Train_927,0,0,0,1
Train_980,1,0,0,0
Train_1785,0,0,1,0
Train_190,0,0,0,1
Train_1139,1,0,0,0
Train_992,0,0,0,1
Train_1776,1,0,0,0
Train_1796,0,0,1,0
Train_606,0,0,1,0
Train_180,0,1,0,0
Train_301,0,0,1,0
Train_496,1,0,0,0
Train_1551,0,0,1,0
Train_1564,1,0,0,0
Train_1596,0,0,1,0
Train_1497,1,0,0,0
Train_517,0,1,0,0
Train_1805,0,0,1,0
Train_1069,0,0,1,0
Train_476,1,0,0,0
Train_157,0,0,1,0
Train_1243,0,0,0,1
Train_1195,1,0,0,0
Train_16,0,0,0,1
Train_1072,1,0,0,0
Train_1792,0,0,1,0
Train_546,1,0,0,0
Train_658,0,0,0,1
Train_1667,1,0,0,0
Train_1019,0,0,1,0
Train_1521,0,0,0,1
Train_959,1,0,0,0
Train_1713,0,0,0,1
Train_283,0,0,0,1
Train_797,0,0,0,1
Train_1486,0,0,1,0
Train_225,0,0,1,0
Train_26,0,0,1,0
Train_1615,1,0,0,0
Train_437,0,0,0,1
Train_1770,1,0,0,0
Train_1388,1,0,0,0
Train_229,0,0,0,1
Train_37,0,0,1,0
Train_749,0,0,1,0
Train_1045,0,0,0,1
Train_1398,0,0,1,0
Train_469,0,0,1,0
Train_1548,1,0,0,0
Train_1788,0,0,1,0
Train_687,0,0,1,0
Train_1679,0,0,1,0
Train_639,0,0,1,0
Train_1567,0,0,1,0
Train_1218,0,0,0,1
Train_1158,0,0,1,0
Train_1415,1,0,0,0
Train_1514,0,1,0,0
Train_1300,0,0,1,0
Train_1661,1,0,0,0
Train_800,1,0,0,0
Train_160,0,0,0,1
Train_956,1,0,0,0
Train_1186,1,0,0,0
Train_821,0,0,1,0
Train_1538,1,0,0,0
Train_877,1,0,0,0
Train_913,0,0,1,0
Train_152,0,0,0,1
Train_1673,0,0,0,1
Train_1621,1,0,0,0
Train_509,0,0,1,0
Train_1135,0,0,0,1
Train_1250,0,0,0,1
Train_1694,1,0,0,0
Train_103,1,0,0,0
Train_1445,0,0,0,1
Train_1443,0,0,1,0
Train_586,0,0,1,0
Train_1613,0,0,1,0
Train_1143,0,0,0,1
Train_53,1,0,0,0
Train_151,1,0,0,0
Train_403,0,0,1,0
Train_1765,0,0,0,1
Train_207,0,0,0,1
Train_1722,0,0,1,0
Train_1122,0,0,1,0
Train_1652,0,0,0,1
Train_8,0,0,0,1
Train_1014,1,0,0,0
Train_1637,0,0,0,1
Train_1060,0,0,1,0
Train_452,1,0,0,0
Train_253,0,0,0,1
Train_1327,0,0,1,0
Train_896,1,0,0,0
Train_1782,1,0,0,0
Train_880,1,0,0,0
Train_1717,0,0,0,1
Train_623,0,0,1,0
Train_345,0,0,1,0
Train_1558,0,1,0,0
Train_262,0,0,0,1
Train_1321,0,0,1,0
Train_1438,1,0,0,0
Train_150,0,0,0,1
Train_472,0,0,1,0
Train_640,0,0,1,0
Train_1803,1,0,0,0
Train_1714,0,0,1,0
Train_550,1,0,0,0
Train_928,0,0,1,0
Train_488,1,0,0,0
Train_1651,0,0,1,0
Train_1171,1,0,0,0
Train_146,1,0,0,0
Train_1560,0,0,1,0
Train_1752,0,0,1,0
Train_402,0,0,1,0
Train_954,0,0,0,1
Train_1709,0,0,1,0
Train_659,0,0,0,1
Train_1372,1,0,0,0
Train_463,0,0,0,1
Train_1349,1,0,0,0
Train_186,0,0,0,1
Train_1147,0,0,1,0
Train_1224,1,0,0,0
Train_608,0,0,1,0
Train_143,0,0,0,1
Train_751,0,0,0,1
Train_1534,0,0,0,1
Train_981,1,0,0,0
Train_197,0,0,0,1
Train_883,0,0,0,1
Train_279,0,0,1,0
Train_293,0,0,0,1
Train_1662,0,1,0,0
Train_400,0,0,0,1
Train_122,0,1,0,0
Train_1207,0,0,1,0
Train_202,0,0,1,0
Train_1462,0,0,1,0
Train_835,1,0,0,0
Train_246,1,0,0,0
Train_1439,0,0,1,0
Train_1728,0,0,0,1
Train_1712,0,0,1,0
Train_1153,1,0,0,0
Train_1426,1,0,0,0
Train_384,0,0,1,0
Train_1604,1,0,0,0
Train_854,0,0,0,1
Train_219,1,0,0,0
Train_641,0,0,0,1
Train_1,0,1,0,0
Train_112,0,0,0,1
Train_698,0,0,0,1
Train_1739,0,0,0,1
Train_951,1,0,0,0
Train_1631,1,0,0,0
Train_1410,0,0,0,1
Train_1409,0,0,1,0
Train_1533,1,0,0,0
Train_1291,0,0,1,0
Train_1648,0,1,0,0
Train_441,0,0,1,0
Train_1520,0,0,0,1
Train_1136,0,0,0,1
Train_1256,0,0,1,0
Train_1697,1,0,0,0
Train_1397,1,0,0,0
Train_663,0,0,0,1
Train_1672,1,0,0,0
Train_1257,1,0,0,0
Train_1618,0,1,0,0
Train_317,1,0,0,0
Train_648,1,0,0,0
Train_1434,0,0,1,0
Train_1479,1,0,0,0
Train_709,0,0,0,1
Train_1382,0,0,0,1
Train_1282,1,0,0,0
Train_972,0,0,0,1
Train_627,0,0,1,0
Train_632,0,0,1,0
Train_1306,1,0,0,0
Train_1400,0,0,1,0
Train_1408,1,0,0,0
Train_1248,1,0,0,0
Train_1774,1,0,0,0
Train_1254,1,0,0,0
Train_1496,1,0,0,0
Train_1371,1,0,0,0
Train_1529,0,0,0,1
Train_1354,1,0,0,0
Train_1749,0,0,1,0
Train_1727,0,0,0,1
Train_1684,0,0,1,0
Train_795,0,0,0,1
Train_645,0,1,0,0
Train_1012,1,0,0,0
Train_1675,1,0,0,0
Train_556,0,0,0,1
Train_681,0,0,0,1
Train_577,0,0,1,0
Train_1109,0,0,0,1
Train_1266,0,0,1,0
Train_1183,0,0,0,1
Train_524,0,0,0,1
Train_1059,0,0,0,1
Train_540,0,0,0,1
Train_1194,0,0,1,0
Train_748,0,0,0,1
Train_1802,0,0,1,0
Train_1430,0,0,0,1
Train_484,0,1,0,0
Train_95,0,1,0,0
Train_1020,1,0,0,0
Train_563,0,1,0,0
Train_1264,0,1,0,0
Train_742,0,0,1,0
Train_863,1,0,0,0
Train_1598,1,0,0,0
Train_1484,0,0,0,1
Train_891,0,0,0,1
Train_1577,0,1,0,0
Train_1038,0,0,0,1
Train_206,0,0,1,0
Train_392,1,0,0,0
Train_794,1,0,0,0
Train_870,0,0,0,1
Train_397,1,0,0,0
Train_766,0,0,1,0
Train_1677,0,0,1,0
Train_1241,0,0,0,1
Train_1028,0,1,0,0
Train_642,1,0,0,0
Train_1719,0,0,0,1
Train_612,0,0,1,0
Train_960,1,0,0,0
Train_1570,0,0,0,1
Train_725,1,0,0,0
Train_683,0,0,1,0
Train_98,0,0,1,0
Train_804,0,0,1,0
Train_1597,1,0,0,0
Train_406,1,0,0,0
Train_502,1,0,0,0
Train_1071,0,0,1,0
Train_1056,0,0,0,1
Train_929,1,0,0,0
Train_779,0,0,1,0
Train_200,0,0,0,1
Train_134,1,0,0,0
Train_1051,0,0,1,0
Train_40,0,0,0,1
Train_1017,1,0,0,0
Train_230,0,0,0,1
Train_1513,1,0,0,0
Train_378,1,0,0,0
Train_288,0,0,1,0
Train_418,0,1,0,0
Train_391,0,1,0,0
Train_592,1,0,0,0
Train_1522,0,0,0,1
Train_1162,0,0,0,1
Train_1086,1,0,0,0
Train_1495,0,0,0,1
Train_647,0,0,1,0
Train_1152,0,0,0,1
Train_1367,0,0,0,1
Train_520,0,0,0,1
Train_64,0,0,1,0
Train_14,0,0,1,0
Train_1180,1,0,0,0
Train_1064,0,0,1,0
Train_492,0,0,1,0
Train_379,0,0,0,1
Train_187,0,0,1,0
Train_763,0,0,1,0
Train_216,0,0,0,1
Train_791,1,0,0,0
Train_1076,0,0,0,1
Train_878,0,0,0,1
Train_337,1,0,0,0
Train_719,0,0,1,0
Train_295,1,0,0,0
Train_1016,0,0,0,1
Train_1275,0,0,1,0
Train_1485,0,0,1,0
Train_455,0,0,1,0
Train_1817,1,0,0,0
Train_815,1,0,0,0
Train_269,0,0,1,0
Train_995,0,0,1,0
Train_201,1,0,0,0
Train_161,0,0,0,1
Train_1579,0,0,1,0
Train_729,0,0,0,1
Train_401,0,0,0,1
Train_702,0,1,0,0
Train_1500,0,0,0,1
Train_1129,0,1,0,0
Train_565,0,0,0,1
Train_1413,0,0,1,0
Train_1021,0,0,1,0
Train_1025,0,0,0,1
Train_1411,0,0,0,1
Train_1585,1,0,0,0
Train_1104,0,0,0,1
Train_205,0,0,1,0
Train_34,0,0,1,0
Train_775,0,0,0,1
Train_508,0,0,1,0
Train_1451,0,0,1,0
Train_1478,1,0,0,0
Train_1791,0,0,1,0
Train_1390,0,1,0,0
Train_91,0,0,0,1
Train_1363,0,0,0,1
Train_897,1,0,0,0
Train_564,0,0,1,0
Train_1369,0,1,0,0
Train_776,1,0,0,0
Train_241,0,0,1,0
Train_13,1,0,0,0
Train_315,0,0,0,1
Train_600,0,0,0,1
Train_387,0,0,1,0
Train_1297,1,0,0,0
Train_166,0,0,0,1
Train_840,0,0,1,0
Train_20,0,0,0,1
Train_646,1,0,0,0
Train_1508,1,0,0,0
Train_1154,0,0,1,0
Train_1528,1,0,0,0
Train_831,0,0,0,1
Train_1267,0,0,1,0
Train_1590,1,0,0,0
Train_562,1,0,0,0
Train_1773,0,0,1,0
Train_686,0,0,0,1
Train_957,0,0,1,0
Train_189,0,0,0,1
Train_975,0,0,1,0
Train_699,0,0,0,1
Train_1499,0,0,1,0
Train_1705,0,0,0,1
Train_510,0,0,1,0
Train_1082,1,0,0,0
Train_474,1,0,0,0
Train_1584,0,0,1,0
Train_856,0,0,0,1
Train_747,1,0,0,0
Train_252,0,0,0,1
Train_21,0,0,1,0
Train_1337,0,0,0,1
Train_459,0,0,0,1
Train_1184,0,0,1,0
Train_276,0,0,0,1
Train_955,0,0,0,1
Train_1215,0,0,1,0
Train_385,0,0,1,0
Train_805,1,0,0,0
Train_1437,0,0,1,0
Train_1515,0,0,1,0
Train_343,0,0,0,1
Train_769,1,0,0,0
Train_1332,0,0,1,0
Train_1685,0,0,0,1
Train_130,0,0,0,1
Train_1687,1,0,0,0
Train_871,0,0,0,1
Train_1123,1,0,0,0
Train_1396,1,0,0,0
Train_87,0,0,1,0
Train_1482,1,0,0,0
Train_330,1,0,0,0
Train_1238,0,0,0,1
Train_466,1,0,0,0
Train_121,0,0,1,0
Train_1638,0,0,0,1
Train_1044,1,0,0,0
Train_1724,1,0,0,0
Train_1095,0,0,0,1
Train_1130,0,0,0,1
Train_1294,0,0,0,1
Train_860,0,0,1,0
Train_1459,1,0,0,0
Train_1126,0,0,1,0
